Trade number,Type,Date and time,Signal,Price USD,Size (qty),Size (value),Net PnL USD,Return %,Commission USD,Favorable excursion USD,Favorable excursion %,Adverse excursion USD,Adverse excursion %,Cumulative PnL USD,Cumulative PnL %,Duration (bars)
1,Exit short,2026-07-03 10:17,ShortX,29920.75,10,598275,-152.4,-0.03,12.4,18.8,0.00,-256.2,-0.04,-152.4,-0.30,1
1,Entry short,2026-07-03 10:16,leave · 1RB · Rfb · LMT,29913.75,10,598275,-152.4,-0.03,12.4,18.8,0.00,-256.2,-0.04,-152.4,-0.30,1
2,Exit long,2026-07-07 10:08,LongX,29420,10,588850,-462.4,-0.08,12.4,638.8,0.11,-456.2,-0.08,-614.8,-1.23,2
2,Entry long,2026-07-07 10:06,leave · 1RB · Rfb · LMT,29442.5,10,588850,-462.4,-0.08,12.4,638.8,0.11,-456.2,-0.08,-614.8,-1.23,2
3,Exit short,2026-07-08 10:12,ShortX,29260.25,10,586805,1587.6,0.27,12.4,1593.8,0.27,-76.2,-0.01,972.8,1.95,4
3,Entry short,2026-07-08 10:08,leave · 1RB · Rfb · LMT,29340.25,10,586805,1587.6,0.27,12.4,1593.8,0.27,-76.2,-0.01,972.8,1.95,4
4,Exit short,2026-07-08 12:50,ShortX,29360.5,10,586810,-412.4,-0.07,12.4,628.8,0.11,-406.2,-0.07,560.4,1.12,10
4,Entry short,2026-07-08 12:40,Powell · Cont · 1RB · OTE · Rfb · LMT,29340.5,10,586810,-412.4,-0.07,12.4,628.8,0.11,-406.2,-0.07,560.4,1.12,10
5,Exit long,2026-07-09 12:06,LongX,29921.75,10,596835,1587.6,0.27,12.4,1593.8,0.27,-241.2,-0.04,2148,4.30,55
5,Entry long,2026-07-09 11:11,Powell · Judas · 1RB · OTE · Rfb · LMT,29841.75,10,596835,1587.6,0.27,12.4,1593.8,0.27,-241.2,-0.04,2148,4.30,55
6,Exit long,2026-07-10 10:08,LongX,29911,10,598375,-167.4,-0.03,12.4,63.8,0.01,-161.2,-0.03,1980.6,3.96,1
6,Entry long,2026-07-10 10:07,leave · 1RB · Rfb · LMT,29918.75,10,598375,-167.4,-0.03,12.4,63.8,0.01,-161.2,-0.03,1980.6,3.96,1
7,Exit long,2026-07-13 10:05,LongX,29576.25,10,591705,-192.4,-0.03,12.4,318.8,0.05,-441.2,-0.07,1788.2,3.58,1
7,Entry long,2026-07-13 10:04,leave · 1RB · Rfb · LMT,29585.25,10,591705,-192.4,-0.03,12.4,318.8,0.05,-441.2,-0.07,1788.2,3.58,1
8,Exit short,2026-07-14 12:40,ShortX,29798,10,595715,-257.4,-0.04,12.4,98.8,0.02,-251.2,-0.04,1530.8,3.06,2
8,Entry short,2026-07-14 12:38,Powell · Cont · 1RB · OTE · Rfb · LMT,29785.75,10,595715,-257.4,-0.04,12.4,98.8,0.02,-251.2,-0.04,1530.8,3.06,2
9,Exit long,2026-07-15 10:13,LongX,29846.25,10,596955,-42.4,-0.01,12.4,233.8,0.04,-216.2,-0.04,1488.4,2.98,2
9,Entry long,2026-07-15 10:11,leave · 1RB · Rfb · LMT,29847.75,10,596955,-42.4,-0.01,12.4,233.8,0.04,-216.2,-0.04,1488.4,2.98,2
10,Exit long,2026-07-16 11:25,LongX,29426.75,10,586935,1587.6,0.27,12.4,1593.8,0.27,-211.2,-0.04,3076,6.15,9
10,Entry long,2026-07-16 11:16,Powell · Cont · 1RB · OTE+KO · Rfb · LMT,29346.75,10,586935,1587.6,0.27,12.4,1593.8,0.27,-211.2,-0.04,3076,6.15,9
11,Exit long,2026-07-17 10:04,LongX,28710.5,10,574445,-247.4,-0.04,12.4,0,0.00,-241.2,-0.04,2828.6,5.66,0
11,Entry long,2026-07-17 10:04,leave · 1RB · Rfb · LMT,28722.25,10,574445,-247.4,-0.04,12.4,0,0.00,-241.2,-0.04,2828.6,5.66,0
12,Exit short,2026-07-20 10:43,ShortX,28954.75,10,580695,1587.6,0.27,12.4,1593.8,0.27,-311.2,-0.05,4416.2,8.83,13
12,Entry short,2026-07-20 10:30,leave · 1RB · Rfb · LMT,29034.75,10,580695,1587.6,0.27,12.4,1593.8,0.27,-311.2,-0.05,4416.2,8.83,13
13,Exit long,2026-07-21 10:38,LongX,29186,10,583985,-277.4,-0.05,12.4,0,0.00,-271.2,-0.05,4138.8,8.28,0
13,Entry long,2026-07-21 10:38,leave · 1RB · Rfb · LMT,29199.25,10,583985,-277.4,-0.05,12.4,0,0.00,-271.2,-0.05,4138.8,8.28,0
14,Exit short,2026-07-22 10:20,ShortX,29265.25,10,585070,-247.4,-0.04,12.4,208.8,0.04,-241.2,-0.04,3891.4,7.78,1
14,Entry short,2026-07-22 10:19,leave · 1RB · Rfb · LMT,29253.5,10,585070,-247.4,-0.04,12.4,208.8,0.04,-241.2,-0.04,3891.4,7.78,1
15,Exit long,2026-07-23 10:09,LongX,28706,10,574260,-152.4,-0.03,12.4,123.8,0.02,-146.2,-0.03,3739,7.48,1
15,Entry long,2026-07-23 10:08,leave · 1RB · Rfb · LMT,28713,10,574260,-152.4,-0.03,12.4,123.8,0.02,-146.2,-0.03,3739,7.48,1
16,Exit long,2026-07-23 10:22,LongX,28776.25,10,573925,1587.6,0.28,12.4,1593.8,0.28,-16.2,0.00,5326.6,10.65,2
16,Entry long,2026-07-23 10:20,Powell · Cont · 1RB · OTE · Rfb · LMT,28696.25,10,573925,1587.6,0.28,12.4,1593.8,0.28,-16.2,0.00,5326.6,10.65,2
17,Exit long,2026-07-24 10:19,LongX,28303.25,10,566460,-407.4,-0.07,12.4,0,0.00,-401.2,-0.07,4919.2,9.84,1
17,Entry long,2026-07-24 10:18,leave · 1RB · Rfb · LMT,28323,10,566460,-407.4,-0.07,12.4,0,0.00,-401.2,-0.07,4919.2,9.84,1